{"min": 2690.7012689815983, "max": 128071.40159592679}